Time,Power
03-15-20:17:13,20.75
03-15-20:17:33,35.5
03-15-20:17:53,47.5
03-15-20:18:12,56.25
03-15-20:18:33,62.75
03-15-20:18:52,67
03-15-20:19:13,70.75
03-15-20:19:33,73.75
03-15-20:19:53,75.75
03-15-20:20:13,77.25
03-15-20:20:33,78.75
03-15-20:20:53,79.25
03-15-20:21:13,80.25
03-15-20:21:33,80.75
03-15-20:21:53,81
03-15-20:22:13,81.5
03-15-20:22:33,81.75
03-15-20:22:53,81.75
03-15-20:23:13,82.25
03-15-20:23:33,82.25
03-15-20:23:53,82.5
03-15-20:24:13,82.75
03-15-20:24:33,82.5
03-15-20:24:53,82.75
03-15-20:25:13,82
03-15-20:25:33,82.5
03-15-20:25:53,82.75
03-15-20:26:13,82.5
03-15-20:26:33,82.25
03-15-20:26:53,82.75
03-15-20:27:13,82.5
03-15-20:27:33,82.25
03-15-20:27:53,82.75
03-15-20:28:13,82.5
03-15-20:28:33,82.5
03-15-20:28:53,82.25
03-15-20:29:13,82.75
03-15-20:29:33,83
03-15-20:29:53,83.5
03-15-20:30:13,83
03-15-20:30:33,83.5
03-15-20:30:53,82.75
03-15-20:31:13,82
03-15-20:31:33,82.5
03-15-20:31:53,82.75
03-15-20:32:13,82.25
03-15-20:32:34,82.75
03-15-20:32:53,82.75
03-15-20:33:13,82.5
03-15-20:33:34,82.25
03-15-20:33:54,82.75
03-15-20:34:13,82.25
03-15-20:34:34,82.5
03-15-20:34:54,82.25
03-15-20:35:14,82.5
03-15-20:35:33,82.25
03-15-20:35:54,82.25
03-15-20:36:14,82.75
03-15-20:36:34,82.5
03-15-20:36:54,82.75
03-15-20:37:14,82.25
03-15-20:37:34,82
03-15-20:37:54,82.25
03-15-20:38:14,82
03-15-20:38:34,82.5
03-15-20:38:54,82
03-15-20:39:14,82.5
03-15-20:39:34,82
03-15-20:39:54,82
03-15-20:40:14,83
03-15-20:40:34,83.5
03-15-20:40:54,83.25
03-15-20:41:14,83.5
03-15-20:41:34,84
03-15-20:41:54,83.75
03-15-20:42:14,83
03-15-20:42:34,83
03-15-20:42:54,83.25
03-15-20:43:14,83
03-15-20:43:34,83.25
03-15-20:43:54,83.75
03-15-20:44:14,83.25
03-15-20:44:34,83
03-15-20:44:54,83.25
03-15-20:45:14,83
03-15-20:45:34,83.25
03-15-20:45:54,83.25
03-15-20:46:14,83.5
03-15-20:46:34,83
03-15-20:46:54,83.5
03-15-20:47:14,83.75
03-15-20:47:34,83.25
03-15-20:47:54,83.5
03-15-20:48:14,83
03-15-20:48:34,82.75
03-15-20:48:54,83
03-15-20:49:14,83.75
03-15-20:49:34,83
03-15-20:49:54,82.5
03-15-20:50:14,82.5
03-15-20:50:34,82.5
03-15-20:50:55,82.5
03-15-20:51:14,82.75
03-15-20:51:35,82.75
03-15-20:51:54,82.25
03-15-20:52:15,82.5
03-15-20:52:35,82
03-15-20:52:55,82
03-15-20:53:15,82.25
03-15-20:53:35,82.75
03-15-20:53:55,82.5
03-15-20:54:15,82.25
03-15-20:54:35,82.25
03-15-20:54:55,82.75
03-15-20:55:15,82.25
03-15-20:55:35,82.5
03-15-20:55:55,82.5
03-15-20:56:15,82.25
03-15-20:56:35,82.5
03-15-20:56:55,82.25
03-15-20:57:15,82
03-15-20:57:35,82.75
03-15-20:57:55,82.5
03-15-20:58:15,82.5
03-15-20:58:35,83
03-15-20:58:55,83
03-15-20:59:15,83.25
03-15-20:59:35,83
03-15-20:59:55,83
03-15-21:00:15,83
03-15-21:00:35,83
03-15-21:00:55,83
03-15-21:01:15,83
03-15-21:01:35,83
03-15-21:01:55,83.25
03-15-21:02:15,83
03-15-21:02:35,83.25
03-15-21:02:55,83
03-15-21:03:15,83
03-15-21:03:35,83.75
03-15-21:03:55,83
03-15-21:04:15,83
03-15-21:04:35,65.25
03-15-21:04:55,50.25
03-15-21:05:15,42
03-15-21:05:35,33
03-15-21:05:55,26.25
03-15-21:06:16,21
03-15-21:06:36,17.25
03-15-21:06:55,14.25
03-15-21:07:15,12
03-15-21:07:35,10.5
03-15-21:07:55,9
03-15-21:08:15,8.25
03-15-21:08:35,7.5
03-15-21:08:56,6.75
03-15-21:09:16,6
03-15-21:09:35,6
03-15-21:09:55,6
03-15-21:10:15,6
03-15-21:10:36,6
03-15-21:10:56,6
03-15-21:11:16,6
03-15-21:11:36,6
03-15-21:11:56,6
03-15-21:12:16,6
03-15-21:12:36,6
03-15-21:12:56,6
03-15-21:13:16,6
03-15-21:13:36,6
03-15-21:13:56,6
03-15-21:14:16,6
03-15-21:14:36,6
03-15-21:14:56,6
03-15-21:15:16,6
03-15-21:15:36,6
03-15-21:15:56,6
03-15-21:16:16,6
03-15-21:16:36,6
03-15-21:16:56,6
03-15-21:17:16,6
03-15-21:17:36,6
03-15-21:17:56,6
03-15-21:18:16,6
03-15-21:18:36,6
03-15-21:18:56,6
03-15-21:19:16,6.25
03-15-21:19:36,6
03-15-21:19:56,6
03-15-21:20:16,6
03-15-21:20:36,6
03-15-21:20:56,6
03-15-21:21:16,6
03-15-21:21:36,6
03-15-21:21:56,6
03-15-21:22:16,6
03-15-21:22:36,6
03-15-21:22:56,6
03-15-21:23:16,6
03-15-21:23:36,6
03-15-21:23:56,6
03-15-21:24:16,6
03-15-21:24:36,6
03-15-21:24:57,6
03-15-21:25:16,6
03-15-21:25:36,6
03-15-21:25:56,6
03-15-21:26:16,6
03-15-21:26:37,6
03-15-21:26:57,6
03-15-21:27:16,6
03-15-21:27:37,6
03-15-21:27:57,6
03-15-21:28:17,6
03-15-21:28:37,6
03-15-21:28:57,6
03-15-21:29:17,6
03-15-21:29:37,6
03-15-21:29:57,6
03-15-21:30:17,6
03-15-21:30:37,6
03-15-21:30:57,6
03-15-21:31:17,6.25
03-15-21:31:37,6
03-15-21:31:57,6
03-15-21:32:17,6
03-15-21:32:37,6
03-15-21:32:57,6
03-15-21:33:17,6
03-15-21:33:37,6
03-15-21:33:57,6
03-15-21:34:17,6
03-15-21:34:37,6
03-15-21:34:57,6
03-15-21:35:17,6
03-15-21:35:37,6
03-15-21:35:57,6
03-15-21:36:17,6
03-15-21:36:37,6
03-15-21:36:57,6
03-15-21:37:17,6
03-15-21:37:37,6
03-15-21:37:57,6
03-15-21:38:17,6
03-15-21:38:37,6
03-15-21:38:57,6
03-15-21:39:17,6
03-15-21:39:37,6
03-15-21:39:57,6
03-15-21:40:17,6
03-15-21:40:37,6
03-15-21:40:57,6
03-15-21:41:17,6
03-15-21:41:37,6
03-15-21:41:57,6.25
03-15-21:42:17,6
03-15-21:42:37,6
03-15-21:42:58,6
03-15-21:43:17,6
03-15-21:43:37,6
03-15-21:43:57,6
03-15-21:44:18,6
03-15-21:44:38,6
03-15-21:44:58,6
03-15-21:45:17,6
03-15-21:45:38,6
03-15-21:45:58,6
03-15-21:46:18,6
03-15-21:46:39,6
03-15-21:46:58,6
03-15-21:47:18,6
03-15-21:47:38,6
03-15-21:47:58,6
03-15-21:48:18,6
03-15-21:48:38,6
03-15-21:48:58,6
03-15-21:49:18,6
03-15-21:49:38,6
03-15-21:49:58,6
03-15-21:50:18,6
03-15-21:50:38,6
03-15-21:50:58,6
03-15-21:51:18,6
03-15-21:51:38,6
03-15-21:51:58,6
03-15-21:52:18,6
03-15-21:52:38,6
03-15-21:52:58,6
03-15-21:53:18,6
03-15-21:53:38,6
03-15-21:53:58,6
03-15-21:54:18,6
03-15-21:54:38,6
03-15-21:54:58,6
03-15-21:55:18,6.25
03-15-21:55:38,6
03-15-21:55:58,6
03-15-21:56:18,6
03-15-21:56:38,6
03-15-21:56:58,6
03-15-21:57:18,6
03-15-21:57:38,6
03-15-21:57:58,6
03-15-21:58:18,6
03-15-21:58:38,6
03-15-21:58:58,6
03-15-21:59:18,6
03-15-21:59:38,6
03-15-21:59:58,6
03-15-22:00:18,6
03-15-22:00:38,6
03-15-22:00:58,6
03-15-22:01:18,6
03-15-22:01:38,6
03-15-22:01:59,6
03-15-22:02:18,6
03-15-22:02:38,4.5
03-15-22:02:58,4.5
03-15-22:03:19,4.5
03-15-22:03:39,4.5
03-15-22:03:59,4.5
03-15-22:04:19,4.5
03-15-22:04:39,4.5
03-15-22:04:59,4.5
03-15-22:05:19,4.5
03-15-22:05:38,4.5
03-15-22:05:59,4.5
03-15-22:06:19,4.5
03-15-22:06:39,4.5
03-15-22:06:59,4.5
03-15-22:07:19,4.5
03-15-22:07:39,4.5
03-15-22:07:59,4.5
03-15-22:08:19,4.5
03-15-22:08:39,4.5
03-15-22:08:59,4.5
03-15-22:09:19,4.5
03-15-22:09:39,4.5
03-15-22:09:59,4.5
03-15-22:10:19,4.5
03-15-22:10:39,4.5
03-15-22:10:59,4.5
03-15-22:11:19,4.5
03-15-22:11:39,4.5
03-15-22:11:59,4.5
03-15-22:12:19,4.5
03-15-22:12:39,4.5
03-15-22:12:59,4.5
03-15-22:13:19,4.5
03-15-22:13:39,4.5
03-15-22:13:59,4.5
03-15-22:14:19,4.5
03-15-22:14:39,4.5
03-15-22:14:59,4.5
03-15-22:15:19,4.5
03-15-22:15:39,4.5
03-15-22:15:59,4.5
03-15-22:16:19,4.5
03-15-22:16:39,4.5
03-15-22:16:59,4.5
03-15-22:17:19,4.5
03-15-22:17:39,4.5
03-15-22:17:59,4.5
03-15-22:18:19,4.5
03-15-22:18:39,4.5
03-15-22:18:59,4.5
03-15-22:19:19,4.5
03-15-22:19:40,4.5
03-15-22:19:59,4.5
03-15-22:20:19,4.5
03-15-22:20:40,4.5
03-15-22:20:59,4.5
03-15-22:21:20,4.5
03-15-22:21:39,4.5
03-15-22:21:59,4.5
03-15-22:22:19,4.5
03-15-22:22:40,4.5
03-15-22:22:59,4.5
03-15-22:23:19,4.5
03-15-22:23:40,4.5
03-15-22:23:59,4.5
03-15-22:24:20,4.5
03-15-22:24:40,4.5
03-15-22:25:00,4.5
03-15-22:25:20,4.5
03-15-22:25:39,4.5
03-15-22:26:00,4.5
03-15-22:26:20,4.5
03-15-22:26:40,4.5
03-15-22:27:00,4.5
03-15-22:27:20,4.5
03-15-22:27:40,4.5
03-15-22:28:00,4.5
03-15-22:28:20,4.5
03-15-22:28:40,4.5
03-15-22:29:00,4.5
03-15-22:29:20,4.5
03-15-22:29:40,4.5
03-15-22:30:00,4.5
03-15-22:30:20,4.5
03-15-22:30:40,4.5
03-15-22:31:00,4.5
03-15-22:31:20,4.5
03-15-22:31:40,4.5
03-15-22:32:00,4.5
03-15-22:32:20,4.5
03-15-22:32:40,4.5
03-15-22:33:00,4.5
03-15-22:33:20,4.5
03-15-22:33:40,4.5
03-15-22:34:00,4.5
03-15-22:34:20,4.5
03-15-22:34:40,4.5
03-15-22:35:00,4.5
03-15-22:35:20,4.5
03-15-22:35:40,4.5
03-15-22:36:00,4.5
03-15-22:36:20,4.5
03-15-22:36:40,4.5
03-15-22:37:00,4.5
03-15-22:37:20,4.5
03-15-22:37:40,4.5
03-15-22:38:00,4.5
03-15-22:38:20,4.5
03-15-22:38:41,4.5
03-15-22:39:00,4.5
03-15-22:39:20,4.5
03-15-22:39:41,4.5
03-15-22:40:01,4.5
03-15-22:40:20,4.5
03-15-22:40:40,4.5
03-15-22:41:00,4.5
03-15-22:41:20,4.5
03-15-22:41:41,4.5
03-15-22:42:01,4.5
03-15-22:42:21,4.5
03-15-22:42:41,4.5
03-15-22:43:01,4.5
03-15-22:43:21,4.5
03-15-22:43:41,4.5
03-15-22:44:01,4.5
03-15-22:44:21,4.5
03-15-22:44:41,4.5
03-15-22:45:01,4.5
03-15-22:45:21,4.5
03-15-22:45:41,4.5
03-15-22:46:01,4.5
03-15-22:46:21,4.5
03-15-22:46:41,4.5
03-15-22:47:01,4.5
03-15-22:47:21,4.5
03-15-22:47:41,4.5
03-15-22:48:01,4.5
03-15-22:48:21,4.5
03-15-22:48:41,4.5
03-15-22:49:01,4.5
03-15-22:49:21,4.5
03-15-22:49:41,4.5
03-15-22:50:01,4.5
03-15-22:50:21,4.5
03-15-22:50:41,4.5
03-15-22:51:01,4.5
03-15-22:51:21,4.5
03-15-22:51:41,4.5
03-15-22:52:01,4.5
03-15-22:52:21,4.5
03-15-22:52:41,4.5
03-15-22:53:01,4.5
03-15-22:53:21,4.5
03-15-22:53:41,4.5
03-15-22:54:01,4.5
03-15-22:54:21,4.5
03-15-22:54:41,4.5
03-15-22:55:01,4.5
03-15-22:55:21,4.5
03-15-22:55:41,4.5
03-15-22:56:02,4.5
03-15-22:56:21,4.5
03-15-22:56:41,4.5
03-15-22:57:01,4.5
03-15-22:57:21,4.5
03-15-22:57:41,4.5
03-15-22:58:02,4.5
03-15-22:58:21,4.5
03-15-22:58:41,4.5
03-15-22:59:02,4.5
03-15-22:59:22,4.5
03-15-22:59:41,4.5
03-15-23:00:02,4.5
03-15-23:00:21,4.5
03-15-23:00:41,4.5
03-15-23:01:02,4.5
03-15-23:01:22,4.5
03-15-23:01:42,4.5
03-15-23:02:02,4.5
03-15-23:02:22,4.5
03-15-23:02:42,4.5
03-15-23:03:02,4.5
03-15-23:03:22,4.5
03-15-23:03:42,4.5
03-15-23:04:02,4.5
03-15-23:04:22,4.5
03-15-23:04:42,4.5
03-15-23:05:02,4.5
03-15-23:05:22,4.5
03-15-23:05:42,4.5
03-15-23:06:02,4.5
03-15-23:06:22,4.5
03-15-23:06:42,4.5
03-15-23:07:02,4.5
03-15-23:07:22,4.5
03-15-23:07:42,4.5
03-15-23:08:02,4.5
03-15-23:08:22,4.5
03-15-23:08:42,4.5
03-15-23:09:02,4.5
03-15-23:09:22,4.5
03-15-23:09:42,4.5
03-15-23:10:02,4.5
03-15-23:10:22,4.5
03-15-23:10:42,4.5
03-15-23:11:02,4.5
03-15-23:11:22,4.5
03-15-23:11:42,4.5
03-15-23:12:02,4.5
03-15-23:12:22,4.5
03-15-23:12:42,4.5
03-15-23:13:02,4.5
03-15-23:13:22,4.5
03-15-23:13:42,4.5
03-15-23:14:02,4.5
03-15-23:14:22,4.5
03-15-23:14:42,4.5
03-15-23:15:02,4.5
03-15-23:15:22,4.5
03-15-23:15:42,4.5
03-15-23:16:02,4.5
03-15-23:16:22,4.5
03-15-23:16:42,4.5
03-15-23:17:02,4.5
03-15-23:17:23,4.5
03-15-23:17:42,4.5
03-15-23:18:02,4.5
03-15-23:18:23,4.5
03-15-23:18:42,4.5
03-15-23:19:03,4.5
03-15-23:19:22,4.5
03-15-23:19:42,4.5
03-15-23:20:02,4.5
03-15-23:20:23,4.5
03-15-23:20:43,7.5
03-15-23:21:03,9.75
03-15-23:21:23,11.25
03-15-23:21:43,12.75
03-15-23:22:03,13.5
03-15-23:22:23,14.25
03-15-23:22:43,15
03-15-23:23:03,15.75
03-15-23:23:24,15.75
03-15-23:23:43,15.75
03-15-23:24:03,15.75
03-15-23:24:23,15.75
03-15-23:24:43,12.75
03-15-23:25:03,10.5
03-15-23:25:23,9
03-15-23:25:43,8.25
03-15-23:26:03,10.5
03-15-23:26:23,9
03-15-23:26:43,8.25
03-15-23:27:03,7.5
03-15-23:27:24,6.75
03-15-23:27:43,6
03-15-23:28:03,6
03-15-23:28:23,6
03-15-23:28:43,6
03-15-23:29:03,6
03-15-23:29:23,6
03-15-23:29:43,6
03-15-23:30:03,6
03-15-23:30:23,6
03-15-23:30:43,6
03-15-23:31:05,6
03-15-23:31:23,6
03-15-23:31:43,6
03-15-23:32:03,6
03-15-23:32:23,6
03-15-23:32:43,6
03-15-23:33:03,6
03-15-23:33:23,6
03-15-23:33:43,6
03-15-23:34:06,6
03-15-23:34:23,6
03-15-23:34:43,6
03-15-23:35:03,6
03-15-23:35:23,6
03-15-23:35:43,6
03-15-23:36:03,6
03-15-23:36:23,6
03-15-23:36:43,6
03-15-23:37:04,6
03-15-23:37:23,6
03-15-23:37:43,6
03-15-23:38:03,6
03-15-23:38:23,6
03-15-23:38:43,6
03-15-23:39:04,6
03-15-23:39:24,6
03-15-23:39:44,6
03-15-23:40:03,6
03-15-23:40:24,6
03-15-23:40:43,6
03-15-23:41:04,6
03-15-23:41:24,6
03-15-23:41:44,6
03-15-23:42:04,6
03-15-23:42:24,6
03-15-23:42:44,6
03-15-23:43:04,6
03-15-23:43:24,6
03-15-23:43:44,6
03-15-23:44:04,6
03-15-23:44:24,6
03-15-23:44:44,6
03-15-23:45:04,6
03-15-23:45:24,6
03-15-23:45:44,6
03-15-23:46:04,6
03-15-23:46:24,6
03-15-23:46:44,6
03-15-23:47:04,6
03-15-23:47:24,6
03-15-23:47:44,6
03-15-23:48:04,6
03-15-23:48:24,6
03-15-23:48:44,6
03-15-23:49:04,6
03-15-23:49:24,6
03-15-23:49:44,6
03-15-23:50:04,6
03-15-23:50:24,6
03-15-23:50:44,6
03-15-23:51:04,6
03-15-23:51:25,6
03-15-23:51:44,6
03-15-23:52:04,6
03-15-23:52:24,6
03-15-23:52:44,6
03-15-23:53:04,6
03-15-23:53:24,6
03-15-23:53:44,6
03-15-23:54:04,6
03-15-23:54:24,6
03-15-23:54:45,6
03-15-23:55:05,6
03-15-23:55:25,6
03-15-23:55:45,6
03-15-23:56:05,6
03-15-23:56:25,6
03-15-23:56:45,6
03-15-23:57:05,6
03-15-23:57:25,6
03-15-23:57:46,6
03-15-23:58:05,6
03-15-23:58:25,6
03-15-23:58:45,6
03-15-23:59:05,6
03-15-23:59:25,6
03-15-23:59:45,6
03-16-00:00:05,6
03-16-00:00:26,6
03-16-00:00:45,6
03-16-00:01:06,6
03-16-00:01:25,6
03-16-00:01:46,6
03-16-00:02:05,6
03-16-00:02:26,6
03-16-00:02:45,6
03-16-00:03:05,6
03-16-00:03:25,6
03-16-00:03:45,6
03-16-00:04:05,6
03-16-00:04:25,6
03-16-00:04:45,6
03-16-00:05:05,6
03-16-00:05:25,6
03-16-00:05:45,6
03-16-00:06:05,6
03-16-00:06:25,6
03-16-00:06:45,6
03-16-00:07:05,6
03-16-00:07:25,6
03-16-00:07:45,6
03-16-00:08:05,6
03-16-00:08:25,6
03-16-00:08:45,6
03-16-00:09:05,6
03-16-00:09:25,6
03-16-00:09:45,6
03-16-00:10:05,6
03-16-00:10:25,6
03-16-00:10:45,6
03-16-00:11:06,6
03-16-00:11:25,6
03-16-00:11:45,6
03-16-00:12:06,6
03-16-00:12:26,6
03-16-00:12:46,6
03-16-00:13:05,6
03-16-00:13:26,6
03-16-00:13:46,6
03-16-00:14:06,6
03-16-00:14:26,6
03-16-00:14:46,6
03-16-00:15:06,6
03-16-00:15:26,6
03-16-00:15:46,6
03-16-00:16:06,6
03-16-00:16:26,6
03-16-00:16:46,6
03-16-00:17:06,6
03-16-00:17:26,6
03-16-00:17:46,6
03-16-00:18:06,6
03-16-00:18:26,6
03-16-00:18:49,6
03-16-00:19:06,6
03-16-00:19:28,6
03-16-00:19:49,6
03-16-00:20:06,6
03-16-00:20:26,6
03-16-00:20:46,6
03-16-00:21:06,6
03-16-00:21:26,6
03-16-00:21:46,6
03-16-00:22:06,6
03-16-00:22:28,6
03-16-00:22:46,6
03-16-00:23:06,6
03-16-00:23:26,6
03-16-00:23:46,6
03-16-00:24:09,6
03-16-00:24:26,6
03-16-00:24:46,6
03-16-00:25:06,6
03-16-00:25:26,6
03-16-00:25:46,6
03-16-00:26:06,6
03-16-00:26:26,6
03-16-00:26:46,6
03-16-00:27:06,6.25
03-16-00:27:26,6
03-16-00:27:46,6
03-16-00:28:06,6
03-16-00:28:26,6
03-16-00:28:46,6
03-16-00:29:06,6
03-16-00:29:26,6
03-16-00:29:46,6
03-16-00:30:06,6
03-16-00:30:26,6
03-16-00:30:46,6
03-16-00:31:06,6
03-16-00:31:26,6
03-16-00:31:47,6
03-16-00:32:06,6.25
03-16-00:32:27,6
03-16-00:32:46,6
03-16-00:33:07,6
03-16-00:33:27,6
03-16-00:33:47,6
03-16-00:34:07,6
03-16-00:34:27,6
03-16-00:34:47,6
03-16-00:35:07,6
03-16-00:35:27,6
03-16-00:35:47,6
03-16-00:36:07,6
03-16-00:36:27,6
03-16-00:36:47,6
03-16-00:37:07,6
03-16-00:37:27,6
03-16-00:37:47,6
03-16-00:38:07,6
03-16-00:38:27,6
03-16-00:38:47,6
03-16-00:39:07,6
03-16-00:39:27,6
03-16-00:39:47,6
03-16-00:40:07,6
03-16-00:40:27,6
03-16-00:40:47,6
03-16-00:41:07,6
03-16-00:41:27,6
03-16-00:41:47,6
03-16-00:42:07,6
03-16-00:42:27,6
03-16-00:42:47,6
03-16-00:43:07,6
03-16-00:43:27,6
03-16-00:43:47,6
03-16-00:44:07,6
03-16-00:44:27,6
03-16-00:44:47,6
03-16-00:45:07,6
03-16-00:45:27,6
03-16-00:45:47,6
03-16-00:46:07,6
03-16-00:46:27,6
03-16-00:46:47,6
03-16-00:47:07,6
03-16-00:47:27,6
03-16-00:47:47,6
03-16-00:48:07,6
03-16-00:48:27,6
03-16-00:48:48,6
03-16-00:49:07,6
03-16-00:49:27,6
03-16-00:49:47,6
03-16-00:50:08,6
03-16-00:50:27,6
03-16-00:50:48,6
03-16-00:51:08,6
03-16-00:51:28,6
03-16-00:51:48,6
03-16-00:52:08,6
03-16-00:52:28,6
03-16-00:52:48,6
03-16-00:53:08,6
03-16-00:53:28,6
03-16-00:53:48,6
03-16-00:54:08,6
03-16-00:54:28,6
03-16-00:54:48,6
03-16-00:55:08,6
03-16-00:55:28,6
03-16-00:55:48,6
03-16-00:56:08,6
03-16-00:56:28,6
03-16-00:56:48,6
03-16-00:57:08,6
03-16-00:57:28,6
03-16-00:57:48,6
03-16-00:58:08,6
03-16-00:58:28,6
03-16-00:58:48,6
03-16-00:59:08,6
03-16-00:59:28,6
03-16-00:59:48,6
03-16-01:00:08,6
03-16-01:00:28,6
03-16-01:00:48,6
03-16-01:01:08,6
03-16-01:01:28,6
03-16-01:01:48,6
03-16-01:02:08,6
03-16-01:02:28,6
03-16-01:02:48,6
03-16-01:03:08,6
03-16-01:03:28,6
03-16-01:03:48,6
03-16-01:04:08,6
03-16-01:04:28,6
03-16-01:04:48,6
03-16-01:05:08,6
03-16-01:05:28,6
03-16-01:05:48,6
03-16-01:06:08,6
03-16-01:06:28,6
03-16-01:06:48,6
03-16-01:07:09,6
03-16-01:07:28,6
03-16-01:07:48,6
03-16-01:08:09,6
03-16-01:08:28,6
03-16-01:08:48,6
03-16-01:09:09,6
03-16-01:09:28,6
03-16-01:09:48,6
03-16-01:10:09,6
03-16-01:10:29,6
03-16-01:10:49,6
03-16-01:11:09,6
03-16-01:11:29,6
03-16-01:11:49,6
03-16-01:12:09,6
03-16-01:12:29,6
03-16-01:12:49,6
03-16-01:13:09,6
03-16-01:13:29,6
03-16-01:13:49,6
03-16-01:14:09,6
03-16-01:14:29,6
03-16-01:14:49,6
03-16-01:15:09,6
03-16-01:15:29,6
03-16-01:15:49,6
03-16-01:16:09,6
03-16-01:16:29,6
03-16-01:16:49,6
03-16-01:17:09,6
03-16-01:17:29,6
03-16-01:17:49,6
03-16-01:18:09,6
03-16-01:18:29,6
03-16-01:18:49,6
03-16-01:19:09,6
03-16-01:19:29,6
03-16-01:19:49,6
03-16-01:20:09,6
03-16-01:20:29,6
03-16-01:20:49,6
03-16-01:21:09,6
03-16-01:21:29,6
03-16-01:21:49,6
03-16-01:22:09,6
03-16-01:22:30,6
03-16-01:22:49,6
03-16-01:23:09,6
03-16-01:23:29,6
03-16-01:23:49,6
03-16-01:24:10,6
03-16-01:24:30,6
03-16-01:24:49,6
03-16-01:25:09,6
03-16-01:25:30,6
03-16-01:25:50,6
03-16-01:26:09,6
03-16-01:26:30,6
03-16-01:26:49,6
03-16-01:27:09,6
03-16-01:27:29,6
03-16-01:27:50,6
03-16-01:28:10,6
03-16-01:28:29,6
03-16-01:28:50,6
03-16-01:29:10,6
03-16-01:29:29,6
03-16-01:29:50,6
03-16-01:30:10,6
03-16-01:30:30,6
03-16-01:30:50,6
03-16-01:31:10,6
03-16-01:31:30,6
03-16-01:31:50,6
03-16-01:32:10,6
03-16-01:32:30,6
03-16-01:32:50,6
03-16-01:33:10,6
03-16-01:33:30,6
03-16-01:33:50,6
03-16-01:34:10,6
03-16-01:34:30,6
03-16-01:34:50,6
03-16-01:35:10,6
03-16-01:35:30,6
03-16-01:35:50,6
03-16-01:36:10,6
03-16-01:36:30,6
03-16-01:36:50,6
03-16-01:37:10,6
03-16-01:37:30,6
03-16-01:37:50,6
03-16-01:38:10,6
03-16-01:38:30,6
03-16-01:38:50,6
03-16-01:39:10,6
03-16-01:39:30,6
03-16-01:39:50,6
03-16-01:40:10,6
03-16-01:40:30,6
03-16-01:40:50,6
03-16-01:41:11,6
03-16-01:41:30,6
03-16-01:41:50,6
03-16-01:42:10,6
03-16-01:42:31,6
03-16-01:42:50,6
03-16-01:43:10,6
03-16-01:43:30,6
03-16-01:43:50,6
03-16-01:44:10,6
03-16-01:44:30,6
03-16-01:44:51,6
03-16-01:45:11,6
03-16-01:45:31,6
03-16-01:45:51,6
03-16-01:46:11,6
03-16-01:46:30,6
03-16-01:46:51,6
03-16-01:47:11,6
03-16-01:47:31,6
03-16-01:47:51,6
03-16-01:48:11,6
03-16-01:48:31,6
03-16-01:48:51,6
03-16-01:49:11,6
03-16-01:49:31,6
03-16-01:49:51,6
03-16-01:50:11,6
03-16-01:50:31,6
03-16-01:50:51,6
03-16-01:51:11,6
03-16-01:51:31,6
03-16-01:51:51,6
03-16-01:52:11,6
03-16-01:52:31,6
03-16-01:52:51,6
03-16-01:53:11,6
03-16-01:53:31,6
03-16-01:53:51,6
03-16-01:54:11,6
03-16-01:54:31,6
03-16-01:54:51,6
03-16-01:55:11,6
03-16-01:55:31,6
03-16-01:55:51,6
03-16-01:56:11,6
03-16-01:56:31,6
03-16-01:56:51,6
03-16-01:57:11,6
03-16-01:57:31,6
03-16-01:57:51,6
03-16-01:58:11,6
03-16-01:58:31,6
03-16-01:58:51,6
03-16-01:59:11,6
03-16-01:59:31,6
03-16-01:59:51,6
03-16-02:00:11,6
03-16-02:00:31,6
03-16-02:00:51,6
03-16-02:01:11,6
03-16-02:01:31,6
03-16-02:01:51,6
03-16-02:02:11,6
03-16-02:02:31,6
03-16-02:02:51,6
03-16-02:03:11,6
03-16-02:03:31,6
03-16-02:03:51,6
03-16-02:04:12,6
03-16-02:04:32,6
03-16-02:04:51,6
03-16-02:05:12,6
03-16-02:05:32,6
03-16-02:05:52,6
03-16-02:06:12,6
03-16-02:06:32,6
03-16-02:06:52,6
03-16-02:07:12,6
03-16-02:07:32,6
03-16-02:07:52,6
03-16-02:08:12,6
03-16-02:08:32,6
03-16-02:08:52,6
03-16-02:09:12,6
03-16-02:09:32,6
03-16-02:09:52,6
03-16-02:10:12,6
03-16-02:10:32,6
03-16-02:10:52,6
03-16-02:11:12,6
03-16-02:11:32,6
03-16-02:11:52,6
03-16-02:12:12,6
03-16-02:12:32,6
03-16-02:12:52,6
03-16-02:13:12,6
03-16-02:13:32,6
03-16-02:13:52,6
03-16-02:14:12,6
03-16-02:14:32,6
03-16-02:14:52,6
03-16-02:15:12,6
03-16-02:15:32,6
03-16-02:15:52,6
03-16-02:16:12,6
03-16-02:16:32,6
03-16-02:16:52,6
03-16-02:17:12,6
03-16-02:17:32,6
03-16-02:17:52,6
03-16-02:18:12,6
03-16-02:18:32,6
03-16-02:18:52,6
03-16-02:19:12,6
03-16-02:19:33,6
03-16-02:19:53,6
03-16-02:20:12,6
03-16-02:20:32,6
03-16-02:20:53,6
03-16-02:21:13,6
03-16-02:21:33,6
03-16-02:21:53,6
03-16-02:22:13,6
03-16-02:22:33,6
03-16-02:22:53,6
03-16-02:23:13,6
03-16-02:23:33,6
03-16-02:23:53,6
03-16-02:24:13,6
03-16-02:24:33,6
03-16-02:24:53,6
03-16-02:25:13,6
03-16-02:25:33,6
03-16-02:25:53,6
03-16-02:26:13,6
03-16-02:26:33,6
03-16-02:26:53,6
03-16-02:27:13,6
03-16-02:27:33,6
03-16-02:27:53,6
03-16-02:28:13,6
03-16-02:28:33,6
03-16-02:28:53,6.25
03-16-02:29:13,6
03-16-02:29:33,6
03-16-02:29:53,6
03-16-02:30:13,6
03-16-02:30:33,6
03-16-02:30:53,6
03-16-02:31:13,6
03-16-02:31:33,6
03-16-02:31:53,6
03-16-02:32:13,6
03-16-02:32:33,6
03-16-02:32:53,6
03-16-02:33:13,6
03-16-02:33:33,6
03-16-02:33:54,6
03-16-02:34:13,6
03-16-02:34:33,6
03-16-02:34:53,6
03-16-02:35:13,6
03-16-02:35:33,6
03-16-02:35:53,6
03-16-02:36:13,6
03-16-02:36:33,6
03-16-02:36:53,6
03-16-02:37:13,6
03-16-02:37:33,6
03-16-02:37:53,6
03-16-02:38:14,6
03-16-02:38:33,6
03-16-02:38:53,6
03-16-02:39:14,6
03-16-02:39:34,6
03-16-02:39:53,6
03-16-02:40:14,6
03-16-02:40:34,6
03-16-02:40:54,6
03-16-02:41:14,6
03-16-02:41:34,6
03-16-02:41:54,6
03-16-02:42:14,6
03-16-02:42:34,6
03-16-02:42:54,6
03-16-02:43:14,6
03-16-02:43:34,6
03-16-02:43:54,6
03-16-02:44:14,6
03-16-02:44:34,6
03-16-02:44:54,6
03-16-02:45:14,6
03-16-02:45:34,6
03-16-02:45:54,6
03-16-02:46:14,6
03-16-02:46:34,6
03-16-02:46:54,6
03-16-02:47:14,6
03-16-02:47:34,6
03-16-02:47:54,6
03-16-02:48:14,6
03-16-02:48:34,6
03-16-02:48:54,6
03-16-02:49:14,6
03-16-02:49:34,6
03-16-02:49:54,6
03-16-02:50:14,6
03-16-02:50:54,6
03-16-02:51:14,6
03-16-02:51:34,6
03-16-02:51:39,6
03-16-02:51:54,6
03-16-02:52:14,6
03-16-02:52:34,6
03-16-02:52:54,6
03-16-02:53:14,6
03-16-02:53:34,6
03-16-02:53:54,6
03-16-02:54:14,6
03-16-02:54:34,6
03-16-02:54:54,6
03-16-02:55:14,6
03-16-02:55:34,6
03-16-02:55:55,6
03-16-02:56:14,6
03-16-02:56:34,6
03-16-02:56:55,6
03-16-02:57:15,6
03-16-02:57:34,6
03-16-02:57:55,6
03-16-02:58:15,6
03-16-02:58:35,6
03-16-02:58:54,6
03-16-02:59:15,6
03-16-02:59:35,6
03-16-02:59:55,6
03-16-03:00:15,6
03-16-03:00:35,6
03-16-03:00:55,6
03-16-03:01:15,6
03-16-03:01:35,6
03-16-03:01:55,6
03-16-03:02:15,6
03-16-03:02:35,6
03-16-03:02:55,6
03-16-03:03:15,6
03-16-03:03:35,6
03-16-03:03:55,6
03-16-03:04:15,6
03-16-03:04:35,6
03-16-03:04:55,6
03-16-03:05:15,6
03-16-03:05:35,6
03-16-03:05:55,6
03-16-03:06:15,6
03-16-03:06:35,6
03-16-03:06:55,6
03-16-03:07:15,6
03-16-03:07:35,6
03-16-03:07:55,6
03-16-03:08:15,6
03-16-03:08:35,6
03-16-03:08:55,6
03-16-03:09:15,6
03-16-03:09:35,6
03-16-03:09:55,6
03-16-03:10:15,6
03-16-03:10:35,6
03-16-03:10:55,6
03-16-03:11:15,6
03-16-03:11:35,6
03-16-03:11:55,6
03-16-03:12:15,6
03-16-03:12:35,6
03-16-03:12:56,6
03-16-03:13:15,6
03-16-03:13:35,6
03-16-03:13:56,6
03-16-03:14:15,6
03-16-03:14:35,6
03-16-03:14:56,6
03-16-03:15:16,6
03-16-03:15:35,6
03-16-03:15:56,6
03-16-03:16:16,6
03-16-03:16:36,6
03-16-03:16:56,6
03-16-03:17:16,6
03-16-03:17:36,6
03-16-03:17:56,6
03-16-03:18:16,6
03-16-03:18:36,6
03-16-03:18:56,6
03-16-03:19:16,6
03-16-03:19:36,6
03-16-03:19:56,6
03-16-03:20:16,6
03-16-03:20:36,6
03-16-03:20:56,6
03-16-03:21:16,6
03-16-03:21:36,6
03-16-03:21:56,6
03-16-03:22:16,6
03-16-03:22:36,6
03-16-03:22:56,6
03-16-03:23:16,6
03-16-03:23:36,6
03-16-03:23:56,6
03-16-03:24:16,6
03-16-03:24:36,6
03-16-03:24:56,6
03-16-03:25:16,6
03-16-03:25:36,6
03-16-03:25:56,6
03-16-03:26:16,6
03-16-03:26:36,6
03-16-03:26:57,6
03-16-03:27:16,6
03-16-03:27:36,6
03-16-03:27:56,6
03-16-03:28:16,6
03-16-03:28:36,6
03-16-03:28:56,6
03-16-03:29:16,6
03-16-03:29:36,6
03-16-03:29:56,6
03-16-03:30:16,6
03-16-03:30:36,6
03-16-03:30:56,6
03-16-03:31:16,6
03-16-03:31:36,6
03-16-03:31:57,6
03-16-03:32:17,6
03-16-03:32:37,6
03-16-03:32:56,6
03-16-03:33:17,6
03-16-03:33:37,6
03-16-03:33:57,6
03-16-03:34:17,6
03-16-03:34:36,6
03-16-03:34:56,6
03-16-03:35:17,6
03-16-03:35:37,6
03-16-03:35:57,6
03-16-03:36:17,6
03-16-03:36:37,6
03-16-03:36:57,6
03-16-03:37:17,6
03-16-03:37:37,6
03-16-03:37:57,6
03-16-03:38:17,6
03-16-03:38:37,6
03-16-03:38:57,6
03-16-03:39:17,6
03-16-03:39:37,6
03-16-03:39:57,6
03-16-03:40:17,6
03-16-03:40:37,6
03-16-03:40:57,6
03-16-03:41:17,6
03-16-03:41:37,6
03-16-03:41:57,6
03-16-03:42:17,6
03-16-03:42:37,6
03-16-03:42:57,6
03-16-03:43:17,6
03-16-03:43:37,6
03-16-03:43:57,6
03-16-03:44:17,6
03-16-03:44:37,6
03-16-03:44:57,6
03-16-03:45:17,6
03-16-03:45:37,6
03-16-03:45:57,6
03-16-03:46:17,6
03-16-03:46:37,6
03-16-03:46:57,6
03-16-03:47:18,6
03-16-03:47:37,6
03-16-03:47:57,6
03-16-03:48:17,6
03-16-03:48:37,6
03-16-03:48:57,6
03-16-03:49:17,6
03-16-03:49:38,6
03-16-03:49:58,6
03-16-03:50:17,6
03-16-03:50:38,6
03-16-03:50:57,6
03-16-03:51:18,6
03-16-03:51:38,6
03-16-03:51:58,6
03-16-03:52:18,6
03-16-03:52:38,6
03-16-03:52:58,6
03-16-03:53:18,6
03-16-03:53:38,6
03-16-03:53:58,6
03-16-03:54:18,6
03-16-03:54:38,6
03-16-03:54:58,6
03-16-03:55:18,6
03-16-03:55:38,6
03-16-03:55:58,6
03-16-03:56:18,6
03-16-03:56:38,6
03-16-03:56:58,6
03-16-03:57:18,6
03-16-03:57:38,6
03-16-03:57:58,6
03-16-03:58:18,6
03-16-03:58:38,6
03-16-03:58:58,6
03-16-03:59:18,6
03-16-03:59:38,6
03-16-03:59:58,6
03-16-04:00:18,6
03-16-04:00:38,6
03-16-04:00:58,6
03-16-04:01:18,6
03-16-04:01:38,6
03-16-04:01:58,6
03-16-04:02:36,6
03-16-04:02:38,6
03-16-04:02:58,6
03-16-04:03:18,6
03-16-04:03:38,6
03-16-04:03:58,6
03-16-04:04:18,6
03-16-04:04:38,6
03-16-04:04:58,6
03-16-04:05:18,6
03-16-04:05:38,6
03-16-04:05:58,6
03-16-04:06:18,6
03-16-04:06:39,6
03-16-04:06:58,6
03-16-04:07:18,6
03-16-04:07:38,6
03-16-04:07:59,6
03-16-04:08:18,6
03-16-04:08:38,6
03-16-04:08:59,6
03-16-04:09:19,6
03-16-04:09:39,6
03-16-04:09:59,6
03-16-04:10:19,6
03-16-04:10:39,6
03-16-04:10:59,6
03-16-04:11:19,6
03-16-04:11:39,6
03-16-04:11:59,6
03-16-04:12:19,6
03-16-04:12:39,6
03-16-04:12:59,6
03-16-04:13:19,6
03-16-04:13:39,6
03-16-04:13:59,6
03-16-04:14:19,6
03-16-04:14:39,6
03-16-04:14:59,6
03-16-04:15:19,6
03-16-04:15:39,6
03-16-04:15:59,6
03-16-04:16:19,6
03-16-04:16:39,6
03-16-04:16:59,6
03-16-04:17:19,6
03-16-04:17:39,6
03-16-04:17:59,6
03-16-04:18:19,6
03-16-04:18:39,6
03-16-04:18:59,6
03-16-04:19:19,6
03-16-04:19:39,6
03-16-04:19:59,6
03-16-04:20:19,6
03-16-04:20:39,6
03-16-04:20:59,6
03-16-04:21:19,6
03-16-04:21:39,6
03-16-04:21:59,6
03-16-04:22:20,6
03-16-04:22:39,6
03-16-04:22:59,6
03-16-04:23:19,6
03-16-04:23:39,6
03-16-04:23:59,6
03-16-04:24:19,6
03-16-04:24:39,6
03-16-04:25:00,6
03-16-04:25:19,6
03-16-04:25:39,6
03-16-04:25:59,6
03-16-04:26:20,6
03-16-04:26:39,6
03-16-04:26:59,6
03-16-04:27:20,6
03-16-04:27:39,6
03-16-04:28:00,6
03-16-04:28:20,6
03-16-04:28:39,6
03-16-04:28:59,6
03-16-04:29:20,6
03-16-04:29:40,6
03-16-04:30:00,6
03-16-04:30:20,6
03-16-04:30:40,6
03-16-04:31:00,6
03-16-04:31:20,6
03-16-04:31:40,6
03-16-04:32:00,6
03-16-04:32:20,6
03-16-04:32:40,6
03-16-04:33:00,6
03-16-04:33:20,6
03-16-04:33:40,6
03-16-04:34:00,6
03-16-04:34:20,6
03-16-04:34:40,6
03-16-04:35:00,6
03-16-04:35:20,6
03-16-04:35:40,6
03-16-04:36:00,6
03-16-04:36:20,6
03-16-04:36:40,6
03-16-04:37:00,6
03-16-04:37:20,6
03-16-04:37:40,6
03-16-04:38:00,6
03-16-04:38:20,6
03-16-04:38:40,6
03-16-04:39:00,6
03-16-04:39:20,6
03-16-04:39:40,6
03-16-04:40:00,6
03-16-04:40:20,6
03-16-04:40:40,6
03-16-04:41:00,6
03-16-04:41:20,6
03-16-04:41:40,6
03-16-04:42:00,6
03-16-04:42:20,6
03-16-04:42:40,6
03-16-04:43:00,6
03-16-04:43:20,6
03-16-04:43:40,6
03-16-04:44:00,6
03-16-04:44:20,6
03-16-04:44:40,6
03-16-04:45:01,6
03-16-04:45:21,6
03-16-04:45:40,6
03-16-04:46:00,6
03-16-04:46:20,6
03-16-04:46:41,6
03-16-04:47:00,6
03-16-04:47:21,6
03-16-04:47:40,6
03-16-04:48:01,6
03-16-04:48:21,6
03-16-04:48:41,6
03-16-04:49:00,6
03-16-04:49:21,6
03-16-04:49:41,6
03-16-04:50:01,6
03-16-04:50:21,6
03-16-04:50:41,6
03-16-04:51:01,6
03-16-04:51:21,6
03-16-04:51:41,6
03-16-04:52:01,6
03-16-04:52:21,6
03-16-04:52:41,6
03-16-04:53:01,6
03-16-04:53:21,6
03-16-04:53:41,6
03-16-04:54:01,6
03-16-04:54:21,6
03-16-04:54:41,6
03-16-04:55:01,6
03-16-04:55:21,6
03-16-04:55:41,6
03-16-04:56:01,6
03-16-04:56:21,6
03-16-04:56:41,6
03-16-04:57:01,6
03-16-04:57:21,6
03-16-04:57:41,6
03-16-04:58:01,6
03-16-04:58:21,6
03-16-04:58:41,6
03-16-04:59:01,6
03-16-04:59:21,6
03-16-04:59:41,6
03-16-05:00:01,6
03-16-05:00:21,6
03-16-05:00:41,6
03-16-05:01:01,6
03-16-05:01:21,6
03-16-05:01:41,6
03-16-05:02:01,6
03-16-05:02:21,6
03-16-05:02:41,6
03-16-05:03:01,6
03-16-05:03:21,6
03-16-05:03:41,6
03-16-05:04:01,6
03-16-05:04:21,6
03-16-05:04:41,6
03-16-05:05:01,6
03-16-05:05:21,6
03-16-05:05:41,6
03-16-05:06:02,6
03-16-05:06:21,6
03-16-05:06:41,6
03-16-05:07:02,6
03-16-05:07:22,6
03-16-05:07:41,6
03-16-05:08:01,6
03-16-05:08:21,6
03-16-05:08:42,6
03-16-05:09:02,6
03-16-05:09:22,6
03-16-05:09:42,6
03-16-05:10:02,6
03-16-05:10:22,6
03-16-05:10:42,6
03-16-05:11:02,6
03-16-05:11:22,6
03-16-05:11:42,6
03-16-05:12:02,6
03-16-05:12:22,6
03-16-05:12:42,6
03-16-05:13:02,6
03-16-05:13:22,6
03-16-05:13:42,6
03-16-05:14:02,6
03-16-05:14:22,6
03-16-05:14:42,6
03-16-05:15:02,6
03-16-05:15:22,6
03-16-05:15:42,6
03-16-05:16:02,6
03-16-05:16:22,6
03-16-05:16:42,6
03-16-05:17:02,6
03-16-05:17:22,6
03-16-05:17:42,6
03-16-05:18:02,6
03-16-05:18:22,6
03-16-05:18:42,6
03-16-05:19:02,6
03-16-05:19:22,6
03-16-05:19:42,6
03-16-05:20:02,6
03-16-05:20:22,6
03-16-05:20:42,6
03-16-05:21:02,6
03-16-05:21:22,6
03-16-05:21:42,6
03-16-05:22:02,6
03-16-05:22:22,6
03-16-05:22:42,6
03-16-05:23:03,6
03-16-05:23:22,6
03-16-05:23:42,6
03-16-05:24:03,6
03-16-05:24:23,6
03-16-05:24:42,6
03-16-05:25:03,6
03-16-05:25:23,6
03-16-05:25:42,6
03-16-05:26:03,6
03-16-05:26:24,6
03-16-05:26:44,6
03-16-05:27:04,6
03-16-05:27:24,6
03-16-05:27:44,6
03-16-05:28:04,6
03-16-05:28:24,6
03-16-05:28:44,6
03-16-05:29:04,6
03-16-05:29:24,6
03-16-05:29:44,6
03-16-05:30:04,6
03-16-05:30:24,6
03-16-05:30:44,6
03-16-05:31:04,6
03-16-05:31:24,6
03-16-05:31:44,6
03-16-05:32:04,6
03-16-05:32:24,6
03-16-05:32:44,6
03-16-05:33:04,6
03-16-05:33:24,6
03-16-05:33:44,6
03-16-05:34:04,6
03-16-05:34:24,6
03-16-05:34:44,6
03-16-05:35:04,6
03-16-05:35:24,6
03-16-05:35:44,6
03-16-05:36:04,6
03-16-05:36:24,6
03-16-05:36:44,6
03-16-05:37:05,6
03-16-05:37:24,6
03-16-05:37:44,6
03-16-05:38:04,6
03-16-05:38:24,6
03-16-05:38:44,6
03-16-05:39:04,6
03-16-05:39:24,6
03-16-05:39:44,6
03-16-05:40:04,6
03-16-05:40:24,6
03-16-05:40:44,6
03-16-05:41:04,6
03-16-05:41:25,6
03-16-05:41:44,6
03-16-05:42:05,6
03-16-05:42:25,6
03-16-05:42:45,6
03-16-05:43:04,6
03-16-05:43:25,6
03-16-05:43:45,6
03-16-05:44:05,6
03-16-05:44:25,6
03-16-05:44:45,6
03-16-05:45:05,6
03-16-05:45:25,6
03-16-05:45:45,6
03-16-05:46:05,6
03-16-05:46:25,6
03-16-05:46:45,6
03-16-05:47:05,6
03-16-05:47:25,6
03-16-05:47:45,6
03-16-05:48:05,6
03-16-05:48:25,6
03-16-05:48:45,6
03-16-05:49:05,6
03-16-05:49:25,6
03-16-05:49:45,6
03-16-05:50:05,6
03-16-05:50:25,6
03-16-05:50:45,6
03-16-05:51:05,6
03-16-05:51:25,6
03-16-05:51:45,6
03-16-05:52:05,6
03-16-05:52:25,6
03-16-05:52:45,6
03-16-05:53:05,6
03-16-05:53:25,6
03-16-05:53:45,6
03-16-05:54:05,6
03-16-05:54:25,6
03-16-05:54:45,6
03-16-05:55:05,6
03-16-05:55:25,6
03-16-05:55:45,6
03-16-05:56:05,6
03-16-05:56:25,6
03-16-05:56:45,6
03-16-05:57:05,6
03-16-05:57:25,6
03-16-05:57:45,6
03-16-05:58:05,6
03-16-05:58:25,6
03-16-05:58:45,6
03-16-05:59:05,6
03-16-05:59:25,6
03-16-05:59:46,6
03-16-06:00:05,6
03-16-06:00:25,6
03-16-06:00:45,6
03-16-06:01:06,6
03-16-06:01:25,6
03-16-06:01:46,6
03-16-06:02:06,6
03-16-06:02:26,6
03-16-06:02:46,6
03-16-06:03:06,6
03-16-06:03:26,6
03-16-06:03:46,6
03-16-06:04:06,6
03-16-06:04:26,6
03-16-06:04:46,6
03-16-06:05:06,6
03-16-06:05:26,6
03-16-06:05:46,6
03-16-06:06:06,6
03-16-06:06:26,6
03-16-06:06:46,6
03-16-06:07:06,6
03-16-06:07:26,6
03-16-06:07:46,6
03-16-06:08:06,6
03-16-06:08:26,6
03-16-06:08:46,6
03-16-06:09:06,6
03-16-06:09:26,6
03-16-06:09:46,6
03-16-06:10:06,6
03-16-06:10:26,6
03-16-06:10:46,6
03-16-06:11:06,6
03-16-06:11:26,6
03-16-06:11:46,6.25
03-16-06:12:06,6
03-16-06:12:26,6
03-16-06:12:46,6
03-16-06:13:06,6
03-16-06:13:26,6
03-16-06:13:46,6
03-16-06:14:06,6
03-16-06:14:26,6
03-16-06:14:46,6
03-16-06:15:06,6
03-16-06:15:26,6
03-16-06:15:46,6
03-16-06:16:06,6
03-16-06:16:26,6
03-16-06:16:46,6
03-16-06:17:07,6
03-16-06:17:26,6
03-16-06:17:47,6
03-16-06:18:06,6
03-16-06:18:26,6
03-16-06:18:46,6
03-16-06:19:07,6
03-16-06:19:27,6
03-16-06:19:46,6
03-16-06:20:07,6
03-16-06:20:27,6
03-16-06:20:47,6
03-16-06:21:07,6
03-16-06:21:27,6
03-16-06:21:47,6
03-16-06:22:07,6
03-16-06:22:27,6
03-16-06:22:47,6
03-16-06:23:07,6
03-16-06:23:27,6
03-16-06:23:47,6
03-16-06:24:07,6
03-16-06:24:27,6
03-16-06:24:47,6
03-16-06:25:07,6
03-16-06:25:27,6
03-16-06:25:47,6
03-16-06:26:07,6
03-16-06:26:27,6.25
03-16-06:26:47,6
03-16-06:27:07,6
03-16-06:27:27,6
03-16-06:27:47,6
03-16-06:28:07,6
03-16-06:28:27,6
03-16-06:28:47,6
03-16-06:29:07,6
03-16-06:29:27,6
03-16-06:29:47,6
03-16-06:30:07,6
03-16-06:30:27,6
03-16-06:30:47,6
03-16-06:31:07,6
03-16-06:31:27,6
03-16-06:31:47,6
03-16-06:32:07,6
03-16-06:32:27,6
03-16-06:32:47,6
03-16-06:33:07,6
03-16-06:33:27,6
03-16-06:33:47,6
03-16-06:34:07,6
03-16-06:34:27,6
03-16-06:34:47,6
03-16-06:35:07,6
03-16-06:35:27,6
03-16-06:35:47,6
03-16-06:36:07,6
03-16-06:36:28,6
03-16-06:36:47,6
03-16-06:37:08,6
03-16-06:37:28,6
03-16-06:37:47,6
03-16-06:38:08,6
03-16-06:38:28,6
03-16-06:38:48,6
03-16-06:39:08,6
03-16-06:39:28,6
03-16-06:39:48,6
03-16-06:40:07,6
03-16-06:40:28,6
03-16-06:40:48,6
03-16-06:41:08,6
03-16-06:41:28,6
03-16-06:41:48,6
03-16-06:42:08,6
03-16-06:42:28,6
03-16-06:42:48,6
03-16-06:43:08,6
03-16-06:43:28,6
03-16-06:43:48,6
03-16-06:44:08,6
03-16-06:44:28,6
03-16-06:44:48,6
03-16-06:45:08,6
03-16-06:45:28,6
03-16-06:45:48,6
03-16-06:46:08,6
03-16-06:46:28,6
03-16-06:46:48,6
03-16-06:47:08,6
03-16-06:47:28,6
03-16-06:47:48,6
03-16-06:48:08,6
03-16-06:48:28,6
03-16-06:48:48,6
03-16-06:49:08,6
03-16-06:49:28,6
03-16-06:49:48,6
03-16-06:50:08,6
03-16-06:50:28,6
03-16-06:50:48,6
03-16-06:51:08,6
03-16-06:51:28,6
03-16-06:51:48,6
03-16-06:52:08,6
03-16-06:52:28,6
03-16-06:52:48,6
03-16-06:53:08,6
03-16-06:53:28,6
03-16-06:53:48,6
03-16-06:54:08,6
03-16-06:54:28,6
03-16-06:54:48,6
03-16-06:55:08,6
03-16-06:55:28,6
03-16-06:55:49,6
03-16-06:56:08,6
03-16-06:56:29,6
03-16-06:56:49,6
03-16-06:57:09,6
03-16-06:57:29,6
03-16-06:57:49,6
03-16-06:58:09,6
03-16-06:58:28,6
03-16-06:58:49,6
03-16-06:59:09,6
03-16-06:59:29,6
03-16-06:59:49,6
03-16-07:00:09,6
03-16-07:00:29,6
03-16-07:00:49,6
03-16-07:01:09,6
03-16-07:01:29,6
03-16-07:01:49,6
03-16-07:02:09,6
03-16-07:02:29,6
03-16-07:02:49,6
03-16-07:03:09,6
03-16-07:03:29,6
03-16-07:03:49,6
03-16-07:04:09,6
03-16-07:04:29,6
03-16-07:04:49,6
03-16-07:05:09,6
03-16-07:05:29,6
03-16-07:05:49,6
03-16-07:06:09,6
03-16-07:06:29,6
03-16-07:06:49,6
03-16-07:07:09,6
03-16-07:07:29,6
03-16-07:07:49,6
03-16-07:08:09,6
03-16-07:08:29,6
03-16-07:08:49,6
03-16-07:09:09,6
03-16-07:09:29,6
03-16-07:09:49,6
03-16-07:10:09,6
03-16-07:10:29,6
03-16-07:10:49,6
03-16-07:11:09,6
03-16-07:11:29,6
03-16-07:11:49,6
03-16-07:12:09,6
03-16-07:12:29,6
03-16-07:12:49,6
03-16-07:13:09,6
03-16-07:13:29,6
03-16-07:13:50,6
03-16-07:14:09,6
03-16-07:14:29,6
03-16-07:14:50,6
03-16-07:15:10,6
03-16-07:15:29,6
03-16-07:15:49,6
03-16-07:16:10,6
03-16-07:16:30,6
03-16-07:16:50,6
03-16-07:17:10,6
03-16-07:17:30,6
03-16-07:17:50,6
03-16-07:18:10,6
03-16-07:18:30,6
03-16-07:18:50,6
03-16-07:19:10,6
03-16-07:19:30,6
03-16-07:19:50,6
03-16-07:20:10,6
03-16-07:20:30,6
03-16-07:20:50,6
03-16-07:21:10,6
03-16-07:21:30,6
03-16-07:21:50,6
03-16-07:22:10,6
03-16-07:22:30,6
03-16-07:22:50,6
03-16-07:23:10,6
03-16-07:23:30,6
03-16-07:23:50,6
03-16-07:24:10,6
03-16-07:24:30,6
03-16-07:24:50,6
03-16-07:25:10,6
03-16-07:25:30,6
03-16-07:25:50,6
03-16-07:26:10,6
03-16-07:26:30,6
03-16-07:26:50,6
03-16-07:27:10,6
03-16-07:27:30,6
03-16-07:27:50,6
03-16-07:28:10,6
03-16-07:28:30,6
03-16-07:28:50,6
03-16-07:29:10,6
03-16-07:29:30,6
03-16-07:29:50,6
03-16-07:30:10,6
03-16-07:30:30,6
03-16-07:30:50,6
03-16-07:31:10,6
03-16-07:31:30,6
03-16-07:31:50,6
03-16-07:32:10,6
03-16-07:32:30,6
03-16-07:32:50,6
03-16-07:33:10,6
03-16-07:33:30,6
03-16-07:33:50,6
03-16-07:34:10,6
03-16-07:34:30,6
03-16-07:34:50,6
03-16-07:35:11,6
03-16-07:35:31,6
03-16-07:35:50,6
03-16-07:36:10,6
03-16-07:36:31,6
03-16-07:36:51,6
03-16-07:37:11,6
03-16-07:37:31,6
03-16-07:37:51,6
03-16-07:38:11,6
03-16-07:38:31,6
03-16-07:38:51,6
03-16-07:39:11,6
03-16-07:39:31,6
03-16-07:39:51,6
03-16-07:40:11,6
03-16-07:40:31,6
03-16-07:40:51,6
03-16-07:41:11,6
03-16-07:41:31,6
03-16-07:41:51,6
03-16-07:42:11,6
03-16-07:42:31,6
03-16-07:42:51,6
03-16-07:43:11,6
03-16-07:43:31,6
03-16-07:43:51,6
03-16-07:44:11,6
03-16-07:44:31,6
03-16-07:44:51,6
03-16-07:45:11,6
03-16-07:45:31,6
03-16-07:45:51,6
03-16-07:46:11,6
03-16-07:46:31,6
03-16-07:46:51,6
03-16-07:47:11,6
03-16-07:47:31,6
03-16-07:47:51,6
03-16-07:48:11,6
03-16-07:48:31,6
03-16-07:48:51,6
03-16-07:49:11,6
03-16-07:49:31,6
03-16-07:49:51,6
03-16-07:50:11,6
03-16-07:50:31,6
03-16-07:50:52,6
03-16-07:51:11,6
03-16-07:51:32,6
03-16-07:51:52,6
03-16-07:52:12,6
03-16-07:52:32,6
03-16-07:52:52,6
03-16-07:53:12,6
03-16-07:53:32,6
03-16-07:53:52,6
03-16-07:54:12,6
03-16-07:54:32,6
03-16-07:54:52,6
03-16-07:55:12,6
03-16-07:55:32,6
03-16-07:55:52,6
03-16-07:56:12,6
03-16-07:56:32,6
03-16-07:56:52,6
03-16-07:57:12,6
03-16-07:57:32,6
03-16-07:57:52,6
03-16-07:58:12,6
03-16-07:58:32,6
03-16-07:58:52,6
03-16-07:59:12,6
03-16-07:59:32,6
03-16-07:59:52,6
03-16-08:00:12,6
03-16-08:00:32,6
03-16-08:00:52,6
03-16-08:01:12,6
03-16-08:01:32,6
03-16-08:01:52,6
03-16-08:02:12,6
03-16-08:02:32,6
03-16-08:02:52,6
03-16-08:03:15,6
03-16-08:03:32,6
03-16-08:03:52,6
03-16-08:04:12,6
03-16-08:04:32,6
03-16-08:04:52,6
03-16-08:05:12,6
03-16-08:05:32,6
03-16-08:05:52,6
03-16-08:06:12,6
03-16-08:06:32,6
03-16-08:06:52,6
03-16-08:07:12,6
03-16-08:07:32,6
03-16-08:07:53,6
03-16-08:08:12,6
03-16-08:08:33,6
03-16-08:08:53,6
03-16-08:09:12,6
03-16-08:09:32,6
03-16-08:09:53,6
03-16-08:10:13,6
03-16-08:10:33,6
03-16-08:10:53,6
03-16-08:11:13,6
03-16-08:11:33,6
03-16-08:11:53,6
03-16-08:12:13,6
03-16-08:12:33,6
03-16-08:12:53,6
03-16-08:13:13,6
03-16-08:13:33,6
03-16-08:13:53,6
03-16-08:14:13,6
03-16-08:14:33,6
03-16-08:14:53,6
03-16-08:15:13,6
03-16-08:15:33,6
03-16-08:15:53,6
03-16-08:16:13,6
03-16-08:16:33,6
03-16-08:16:53,6
03-16-08:17:13,6
03-16-08:17:33,6
03-16-08:17:53,6
03-16-08:18:13,6
03-16-08:18:33,6
03-16-08:18:53,6
03-16-08:19:13,6
03-16-08:19:33,6
03-16-08:19:53,6
03-16-08:20:13,6
03-16-08:20:33,6
03-16-08:20:53,6
03-16-08:21:13,6
03-16-08:21:33,6
03-16-08:21:53,6
03-16-08:22:13,6
03-16-08:22:33,6
03-16-08:22:53,6
03-16-08:23:14,6
03-16-08:23:34,6
03-16-08:23:54,6
03-16-08:24:13,6
03-16-08:24:33,6
03-16-08:24:53,6
03-16-08:25:14,6
03-16-08:25:33,6
03-16-08:25:53,6
03-16-08:26:13,6
03-16-08:26:33,6
03-16-08:26:53,6
03-16-08:27:14,6
03-16-08:27:34,6
03-16-08:27:54,6
03-16-08:28:13,6
03-16-08:28:34,6
03-16-08:28:54,6
03-16-08:29:13,6
03-16-08:29:34,6
03-16-08:29:54,6
03-16-08:30:14,6
03-16-08:30:34,6
03-16-08:30:54,6
03-16-08:31:13,6
03-16-08:31:34,6
03-16-08:31:54,6
03-16-08:32:14,6
03-16-08:32:34,6
03-16-08:32:54,6
03-16-08:33:14,6
03-16-08:33:34,6
03-16-08:33:54,6
03-16-08:34:14,6
03-16-08:34:34,6
03-16-08:34:54,6
03-16-08:35:14,6
03-16-08:35:34,6
03-16-08:35:54,6
03-16-08:36:14,6
03-16-08:36:34,6
03-16-08:36:54,6
03-16-08:37:14,6
03-16-08:37:34,6
03-16-08:37:54,6
03-16-08:38:14,6
03-16-08:38:34,6
03-16-08:38:54,6
03-16-08:39:14,6
03-16-08:39:34,6
03-16-08:39:54,6
03-16-08:40:14,6
03-16-08:40:34,6
03-16-08:40:54,6
03-16-08:41:14,6
03-16-08:41:34,6
03-16-08:41:54,6
03-16-08:42:14,6
03-16-08:42:34,6
03-16-08:42:54,6
03-16-08:43:15,6
03-16-08:43:34,6
03-16-08:43:54,6
03-16-08:44:14,6
03-16-08:44:35,6
03-16-08:44:54,6
03-16-08:45:14,6
03-16-08:45:34,6
03-16-08:45:55,6
03-16-08:46:15,6
03-16-08:46:35,6
03-16-08:46:55,6
03-16-08:47:15,6
03-16-08:47:35,6
03-16-08:47:55,6
03-16-08:48:15,6
03-16-08:48:35,6
03-16-08:48:55,6
03-16-08:49:15,6
03-16-08:49:35,6
03-16-08:49:55,6
03-16-08:50:15,6
03-16-08:50:35,6
03-16-08:50:55,6
03-16-08:51:15,6
03-16-08:51:35,6
03-16-08:51:55,6
03-16-08:52:15,6
03-16-08:52:35,6
03-16-08:52:55,6
03-16-08:53:15,6
03-16-08:53:35,6
03-16-08:53:55,6
03-16-08:54:15,6
03-16-08:54:35,6
03-16-08:54:55,6
03-16-08:55:15,6
03-16-08:55:35,6
03-16-08:55:55,6
03-16-08:56:15,6
03-16-08:56:35,6
03-16-08:56:55,6
03-16-08:57:15,6
03-16-08:57:35,6
03-16-08:57:55,6
03-16-08:58:15,6
03-16-08:58:35,6
03-16-08:58:55,6
03-16-08:59:15,6
03-16-08:59:35,6
03-16-08:59:55,6
03-16-09:00:15,6
03-16-09:00:35,6
03-16-09:00:55,6
03-16-09:01:15,6
03-16-09:01:35,6
03-16-09:01:55,6
03-16-09:02:15,6
03-16-09:02:36,6
03-16-09:02:55,6
03-16-09:03:15,6
03-16-09:03:35,6
03-16-09:03:56,6
03-16-09:04:15,6
03-16-09:04:35,6
03-16-09:04:55,6
03-16-09:05:16,6
03-16-09:05:36,6
03-16-09:05:56,6
03-16-09:06:16,6
03-16-09:06:36,6
03-16-09:06:56,6
03-16-09:07:16,6
03-16-09:07:36,6
03-16-09:07:56,6
03-16-09:08:16,6
03-16-09:08:36,6
03-16-09:08:56,6
03-16-09:09:16,6
03-16-09:09:36,6
03-16-09:09:56,6
03-16-09:10:16,6
03-16-09:10:36,6
03-16-09:10:56,6
03-16-09:11:16,6
03-16-09:11:36,6
03-16-09:11:56,6
03-16-09:12:16,6
03-16-09:12:36,6
03-16-09:12:56,6
03-16-09:13:16,6
03-16-09:13:36,6
03-16-09:13:56,6
03-16-09:14:16,6
03-16-09:14:36,6
03-16-09:14:56,6
03-16-09:15:16,6
03-16-09:15:36,6
03-16-09:15:56,6
03-16-09:16:16,6
03-16-09:16:36,6
03-16-09:16:56,6
03-16-09:17:16,6
03-16-09:17:36,6
03-16-09:17:56,6
03-16-09:18:16,6
03-16-09:18:36,6
03-16-09:18:56,6
03-16-09:19:16,6
03-16-09:19:36,6
03-16-09:19:56,6
03-16-09:20:16,6
03-16-09:20:36,6
03-16-09:20:56,6
03-16-09:21:17,6
03-16-09:21:36,6
03-16-09:21:57,6
03-16-09:22:16,6
03-16-09:22:37,6
03-16-09:22:56,6
03-16-09:23:16,6
03-16-09:23:36,6
03-16-09:23:56,6
03-16-09:24:16,6
03-16-09:24:36,6
03-16-09:24:57,6
03-16-09:25:17,6
03-16-09:25:37,6
03-16-09:25:57,6
03-16-09:26:17,6
03-16-09:26:37,6
03-16-09:26:57,6
03-16-09:27:17,6
03-16-09:27:37,6.25
03-16-09:27:57,6.25
03-16-09:28:17,6
03-16-09:28:37,6
03-16-09:28:57,6.25
03-16-09:29:17,6
03-16-09:29:37,6
03-16-09:29:57,6
03-16-09:30:17,6
03-16-09:30:37,6
03-16-09:30:57,6
03-16-09:31:17,6
03-16-09:31:37,6
03-16-09:31:57,6
03-16-09:32:17,6
03-16-09:32:37,6
03-16-09:32:57,6
03-16-09:33:17,6
03-16-09:33:37,6
03-16-09:33:57,6
03-16-09:34:17,6
03-16-09:34:37,6
03-16-09:34:57,6
03-16-09:35:17,6
03-16-09:35:37,6
03-16-09:35:57,6
03-16-09:36:17,6
03-16-09:36:37,6
03-16-09:36:57,6
03-16-09:37:17,6
03-16-09:37:37,6
03-16-09:37:57,6
03-16-09:38:18,6
03-16-09:38:37,6
03-16-09:38:57,6
03-16-09:39:17,6
03-16-09:39:37,6
03-16-09:39:57,6
03-16-09:40:17,6
03-16-09:40:38,6
03-16-09:40:57,6
03-16-09:41:17,6
03-16-09:41:37,6
03-16-09:41:58,6
03-16-09:42:18,6.25
03-16-09:42:38,6
03-16-09:42:58,6
03-16-09:43:18,6
03-16-09:43:38,6
03-16-09:43:58,6
03-16-09:44:18,6
03-16-09:44:38,6
03-16-09:44:58,6
03-16-09:45:18,6.25
03-16-09:45:38,6
03-16-09:45:58,6
03-16-09:46:18,6
03-16-09:46:38,6
03-16-09:46:58,6
03-16-09:47:18,6.25
03-16-09:47:38,6
03-16-09:47:58,6
03-16-09:48:18,6
03-16-09:48:38,6
03-16-09:48:58,6
03-16-09:49:18,6
03-16-09:49:38,6
03-16-09:49:58,6
03-16-09:50:18,6
03-16-09:50:38,6.25
03-16-09:50:58,6
03-16-09:51:18,6
03-16-09:51:38,6
03-16-09:51:58,6
03-16-09:52:18,6
03-16-09:52:38,6
03-16-09:52:58,6
03-16-09:53:18,6
03-16-09:53:38,6
03-16-09:53:58,6
03-16-09:54:18,6
03-16-09:54:38,6
03-16-09:54:58,6
03-16-09:55:18,6
03-16-09:55:38,6
03-16-09:55:58,6
03-16-09:56:18,6
03-16-09:56:38,6
03-16-09:56:58,6
03-16-09:57:18,6
03-16-09:57:38,6
03-16-09:57:58,6
03-16-09:58:18,6
03-16-09:58:38,6
03-16-09:58:58,6
03-16-09:59:18,6
03-16-09:59:39,6
03-16-09:59:58,6
03-16-10:00:18,6
03-16-10:00:38,6
03-16-10:00:59,6
03-16-10:01:19,6
03-16-10:01:39,6
03-16-10:01:59,6
03-16-10:02:19,6
03-16-10:02:39,6
03-16-10:02:59,6
03-16-10:03:19,6
03-16-10:03:39,6
03-16-10:03:59,6
03-16-10:04:19,6
03-16-10:04:39,6
03-16-10:04:59,6
03-16-10:05:19,6
03-16-10:05:39,6
03-16-10:05:59,6
03-16-10:06:19,6
03-16-10:06:39,6
03-16-10:06:59,6
03-16-10:07:19,6
03-16-10:07:39,6
03-16-10:07:59,6
03-16-10:08:19,6.25
03-16-10:08:39,6
03-16-10:08:59,6
03-16-10:09:19,6
03-16-10:09:39,6
03-16-10:09:59,6
03-16-10:10:19,6
03-16-10:10:39,6
03-16-10:10:59,6
03-16-10:11:19,6
03-16-10:11:39,6
03-16-10:11:59,6
03-16-10:12:19,6
03-16-10:12:39,6
03-16-10:12:59,6
03-16-10:13:19,6
03-16-10:13:39,6
03-16-10:13:59,6
03-16-10:14:19,6
03-16-10:14:39,6
03-16-10:14:59,6
03-16-10:15:20,6
03-16-10:15:39,6
03-16-10:15:59,6
03-16-10:16:19,6
03-16-10:16:39,6
03-16-10:16:59,6
03-16-10:17:19,6
03-16-10:17:40,6
03-16-10:18:00,6
03-16-10:18:20,6
03-16-10:18:40,6
03-16-10:19:00,6
03-16-10:19:20,6
03-16-10:19:40,6
03-16-10:20:00,6
03-16-10:20:20,6
03-16-10:20:40,6
03-16-10:21:00,6
03-16-10:21:20,6
03-16-10:21:40,6
03-16-10:22:00,6
03-16-10:22:20,6
03-16-10:22:40,6
03-16-10:23:00,6
03-16-10:23:20,6
03-16-10:23:40,6
03-16-10:24:00,6
03-16-10:24:20,6
03-16-10:24:40,6
03-16-10:25:00,6
03-16-10:25:20,6
03-16-10:25:40,6
03-16-10:26:00,6
03-16-10:26:20,6
03-16-10:26:40,6
03-16-10:27:00,6
03-16-10:27:20,6
03-16-10:27:40,6
03-16-10:28:00,6
03-16-10:28:20,6
03-16-10:28:40,6
03-16-10:29:00,6
03-16-10:29:20,6
03-16-10:29:40,6
03-16-10:30:00,6
03-16-10:30:20,6
03-16-10:30:40,6
03-16-10:31:00,6
03-16-10:31:20,6
03-16-10:31:40,6
03-16-10:32:00,6
03-16-10:32:20,6
03-16-10:32:40,6
03-16-10:33:00,6
03-16-10:33:20,6
03-16-10:33:40,6
03-16-10:34:00,6
03-16-10:34:21,6
03-16-10:34:41,6
03-16-10:35:01,6
03-16-10:35:21,6
03-16-10:35:41,6
03-16-10:36:01,6.25
03-16-10:36:21,6
03-16-10:36:41,6
03-16-10:37:01,6
03-16-10:37:21,6
03-16-10:37:41,6
03-16-10:38:01,6
03-16-10:38:21,6
03-16-10:38:41,6
03-16-10:39:01,6
03-16-10:39:21,6
03-16-10:39:41,6
03-16-10:40:01,6
03-16-10:40:21,6
03-16-10:40:41,6
03-16-10:41:01,6
03-16-10:41:21,6
03-16-10:41:41,6
03-16-10:42:01,6
03-16-10:42:21,6
03-16-10:42:41,6
03-16-10:43:01,6
03-16-10:43:21,6
03-16-10:43:41,6
03-16-10:44:01,6
03-16-10:44:21,6
03-16-10:44:41,6
03-16-10:45:01,6
03-16-10:45:21,6
03-16-10:45:41,6
03-16-10:46:01,6
03-16-10:46:21,6
03-16-10:46:41,6
03-16-10:47:01,6.25
03-16-10:47:21,6
03-16-10:47:41,6
03-16-10:48:01,6
03-16-10:48:21,6
03-16-10:48:41,6
03-16-10:49:01,6
03-16-10:49:21,6
03-16-10:49:41,6
03-16-10:50:01,6
03-16-10:50:21,6
03-16-10:50:41,6
03-16-10:51:02,6
03-16-10:51:22,6
03-16-10:51:41,6
03-16-10:52:02,6
03-16-10:52:22,6
03-16-10:52:42,6
03-16-10:53:02,6
03-16-10:53:22,6
03-16-10:53:42,6
03-16-10:54:02,6
03-16-10:54:22,6
03-16-10:54:42,6
03-16-10:55:02,6
03-16-10:55:22,6
03-16-10:55:42,6
03-16-10:56:02,6
03-16-10:56:22,6
03-16-10:56:42,6
03-16-10:57:02,6
03-16-10:57:22,6
03-16-10:57:42,6
03-16-10:58:02,6
03-16-10:58:22,6
03-16-10:58:42,6
03-16-10:59:02,6
03-16-10:59:22,6
03-16-10:59:42,6
03-16-11:00:02,6
03-16-11:00:22,6
03-16-11:00:42,6
03-16-11:01:02,6
03-16-11:01:22,6
03-16-11:01:42,6
03-16-11:02:02,6
03-16-11:02:22,6
03-16-11:02:42,6
03-16-11:03:02,6
03-16-11:03:22,6
03-16-11:03:42,6
03-16-11:04:02,6
03-16-11:04:22,6
03-16-11:04:42,6
03-16-11:05:02,6
03-16-11:05:22,6
03-16-11:05:42,6
03-16-11:06:02,6
03-16-11:06:22,6
03-16-11:06:42,6
03-16-11:07:02,6
03-16-11:07:22,6
03-16-11:07:42,6
03-16-11:08:02,6
03-16-11:08:23,6
03-16-11:08:43,6
03-16-11:09:02,6
03-16-11:09:22,6
03-16-11:09:43,6
03-16-11:10:03,6
03-16-11:10:23,6
03-16-11:10:43,6
03-16-11:11:03,6
03-16-11:11:23,6
03-16-11:11:43,6
03-16-11:12:03,6
03-16-11:12:23,6
03-16-11:12:43,6
03-16-11:13:03,6
03-16-11:13:23,6
03-16-11:13:43,6
03-16-11:14:03,6
03-16-11:14:23,6
03-16-11:14:43,6
03-16-11:15:03,6
03-16-11:15:23,6
03-16-11:15:43,6
03-16-11:16:03,6
03-16-11:16:23,6
03-16-11:16:43,6
03-16-11:17:03,6
03-16-11:17:23,6
03-16-11:17:43,6
03-16-11:18:03,6
03-16-11:18:23,6
03-16-11:18:43,6
03-16-11:19:03,6
03-16-11:19:23,6
03-16-11:19:43,6
03-16-11:20:03,6
03-16-11:20:23,6
03-16-11:20:43,6
03-16-11:21:03,6
03-16-11:21:23,6
03-16-11:21:43,6
03-16-11:22:03,6
03-16-11:22:23,6
03-16-11:22:43,6
03-16-11:23:03,6
03-16-11:23:23,6
03-16-11:23:43,6
03-16-11:24:03,6
03-16-11:24:23,6
03-16-11:24:43,6
03-16-11:25:03,6
03-16-11:25:23,6
03-16-11:25:43,6
03-16-11:26:04,6
03-16-11:26:23,6
03-16-11:26:43,6
03-16-11:27:04,6
03-16-11:27:24,6
03-16-11:27:43,6
03-16-11:28:04,6
03-16-11:28:24,6
03-16-11:28:43,6
03-16-11:29:04,6
03-16-11:29:24,6
03-16-11:29:44,6
03-16-11:30:04,6
03-16-11:30:24,6
03-16-11:30:44,6
03-16-11:31:04,6
03-16-11:31:24,6
03-16-11:31:44,6
03-16-11:32:04,6
03-16-11:32:24,6
03-16-11:32:44,6
03-16-11:33:04,6
03-16-11:33:24,6
03-16-11:33:44,6
03-16-11:34:04,6
03-16-11:34:24,6
03-16-11:34:44,6
03-16-11:35:04,6
03-16-11:35:24,6
03-16-11:35:44,6
03-16-11:36:04,6
03-16-11:36:24,6
03-16-11:36:44,6
03-16-11:37:04,6
03-16-11:37:24,6
03-16-11:37:44,6
03-16-11:38:04,6
03-16-11:38:24,6
03-16-11:38:44,6
03-16-11:39:04,6
03-16-11:39:24,6
03-16-11:39:44,6
03-16-11:40:05,6
03-16-11:40:24,6
03-16-11:40:44,6
03-16-11:41:04,6
03-16-11:41:24,6
03-16-11:41:44,6
03-16-11:42:04,6
03-16-11:42:24,6
03-16-11:42:44,6
03-16-11:43:04,6
03-16-11:43:24,6
03-16-11:43:44,6
03-16-11:44:04,6
03-16-11:44:25,6
03-16-11:44:44,6
03-16-11:45:05,6
03-16-11:45:25,6
03-16-11:45:45,6
03-16-11:46:04,6
03-16-11:46:25,6
03-16-11:46:45,6
03-16-11:47:04,6
03-16-11:47:25,6
03-16-11:47:45,6
03-16-11:48:05,6
03-16-11:48:25,6
03-16-11:48:45,6
03-16-11:49:05,6
03-16-11:49:25,6
03-16-11:49:45,6
03-16-11:50:05,6
03-16-11:50:25,6
03-16-11:50:45,6
03-16-11:51:05,6
03-16-11:51:25,6
03-16-11:51:45,6
03-16-11:52:05,6
03-16-11:52:25,6
03-16-11:52:45,6
03-16-11:53:05,6
03-16-11:53:25,6
03-16-11:53:45,6
03-16-11:54:05,6
03-16-11:54:25,6
03-16-11:54:45,6
03-16-11:55:05,6
03-16-11:55:25,6
03-16-11:55:45,6
03-16-11:56:05,6
03-16-11:56:25,6
03-16-11:56:45,6
03-16-11:57:05,6
03-16-11:57:25,6
03-16-11:57:45,6
03-16-11:58:05,6
03-16-11:58:25,6
03-16-11:58:45,6
03-16-11:59:05,6
03-16-11:59:25,6
03-16-11:59:45,6
03-16-12:00:06,6
03-16-12:00:26,6.25
03-16-12:00:45,6
03-16-12:01:05,6
03-16-12:01:26,6
03-16-12:01:46,6
03-16-12:02:05,6
03-16-12:02:26,6.25
03-16-12:02:46,6
03-16-12:03:06,6
03-16-12:03:26,6
03-16-12:03:46,6
03-16-12:04:06,6
03-16-12:04:26,6
03-16-12:04:46,6
03-16-12:05:06,6
03-16-12:05:26,6
03-16-12:05:46,6
03-16-12:06:06,6
03-16-12:06:26,6
03-16-12:06:46,6
03-16-12:07:06,6
03-16-12:07:26,6
03-16-12:07:46,6
03-16-12:08:06,6
03-16-12:08:26,6
03-16-12:08:46,6
03-16-12:09:06,6
03-16-12:09:26,6
03-16-12:09:46,6
03-16-12:10:06,6
03-16-12:10:26,6
03-16-12:10:46,6
03-16-12:11:06,6
03-16-12:11:26,6
03-16-12:11:46,6
03-16-12:12:06,6
03-16-12:12:26,6
03-16-12:12:46,6
03-16-12:13:06,6
03-16-12:13:26,6
03-16-12:13:46,6
03-16-12:14:06,6
03-16-12:14:26,6
03-16-12:14:46,6
03-16-12:15:06,6
03-16-12:15:26,6
03-16-12:15:46,6
03-16-12:16:06,6
03-16-12:16:26,6
03-16-12:16:46,6
03-16-12:17:06,6
03-16-12:17:26,6
03-16-12:17:46,6
03-16-12:18:06,6
03-16-12:18:26,6
03-16-12:18:47,6
03-16-12:19:07,6
03-16-12:19:26,6
03-16-12:19:47,6
03-16-12:20:07,6
03-16-12:20:27,6
03-16-12:20:46,6
03-16-12:21:07,6
03-16-12:21:27,6
03-16-12:21:47,6
03-16-12:22:07,6
03-16-12:22:27,6
03-16-12:22:47,6
03-16-12:23:07,6
03-16-12:23:27,6
03-16-12:23:47,6
03-16-12:24:07,6
03-16-12:24:27,6
03-16-12:24:47,6
03-16-12:25:07,6
03-16-12:25:27,6
03-16-12:25:47,6
03-16-12:26:07,6
03-16-12:26:27,6
03-16-12:26:47,6
03-16-12:27:07,6
03-16-12:27:27,6
03-16-12:27:47,6
03-16-12:28:07,6
03-16-12:28:27,6
03-16-12:28:47,6
03-16-12:29:07,6
03-16-12:29:27,6
03-16-12:29:47,6
03-16-12:30:07,6
03-16-12:30:27,6
03-16-12:30:47,6
03-16-12:31:07,6
03-16-12:31:27,6
03-16-12:31:47,6
03-16-12:32:07,6
03-16-12:32:27,6
03-16-12:32:47,6
03-16-12:33:07,6
03-16-12:33:27,6
03-16-12:33:47,6
03-16-12:34:07,6
03-16-12:34:27,6
03-16-12:34:47,6
03-16-12:35:08,6
03-16-12:35:27,6
03-16-12:35:47,6
03-16-12:36:08,6
03-16-12:36:28,6
03-16-12:36:47,6
03-16-12:37:08,6
03-16-12:37:27,6
03-16-12:37:48,6
03-16-12:38:08,6
03-16-12:38:28,6
03-16-12:38:47,6
03-16-12:39:08,6
03-16-12:39:28,6
03-16-12:39:48,6
03-16-12:40:08,6
03-16-12:40:28,6
03-16-12:40:48,6
03-16-12:41:08,6
03-16-12:41:28,6
03-16-12:41:48,6
03-16-12:42:08,6
03-16-12:42:28,6
03-16-12:42:48,6
03-16-12:43:08,6
03-16-12:43:28,6
03-16-12:43:48,6
03-16-12:44:08,6
03-16-12:44:28,6
03-16-12:44:48,6
03-16-12:45:08,6
03-16-12:45:28,6
03-16-12:45:48,6
03-16-12:46:08,6
03-16-12:46:28,6
03-16-12:46:48,6
03-16-12:47:08,6
03-16-12:47:28,6
03-16-12:47:48,6
03-16-12:48:08,6
03-16-12:48:28,6
03-16-12:48:48,6
03-16-12:49:08,6
03-16-12:49:28,6
03-16-12:49:48,6
03-16-12:50:08,6
03-16-12:50:28,6
03-16-12:50:48,6
03-16-12:51:08,6
03-16-12:51:28,6
03-16-12:51:48,6
03-16-12:52:08,6
03-16-12:52:28,6
03-16-12:52:49,6
03-16-12:53:08,6
03-16-12:53:28,6
03-16-12:53:49,6
03-16-12:54:08,6.25
03-16-12:54:28,6
03-16-12:54:49,6
03-16-12:55:09,6
03-16-12:55:28,6
03-16-12:55:49,6
03-16-12:56:09,6
03-16-12:56:29,6
03-16-12:56:49,6
03-16-12:57:09,6
03-16-12:57:28,6
03-16-12:57:49,6
03-16-12:58:09,6
03-16-12:58:29,6
03-16-12:58:49,6
03-16-12:59:09,6
03-16-12:59:29,6
03-16-12:59:49,6
03-16-13:00:09,6
03-16-13:00:29,6
03-16-13:00:49,6
03-16-13:01:09,6
03-16-13:01:29,6
03-16-13:01:49,6
03-16-13:02:09,10.5
03-16-13:02:29,13.5
03-16-13:02:49,15.75
03-16-13:03:09,17.25
03-16-13:03:29,18.75
03-16-13:03:49,38.5
03-16-13:04:09,52
03-16-13:04:29,63.75
03-16-13:04:49,72
03-16-13:05:09,78.75
03-16-13:05:29,83.25
03-16-13:05:49,87
03-16-13:06:09,90
03-16-13:06:29,92
